{"RuleTriggered": 0, "Violations": 0, "Details": {"pin_memory": false, "num_workers": 0, "cores": 36, "dataloaders": 1, "dataloading_time": {"p25": 0.022874, "p50": 0.0233105, "p95": 0.0248145, "probs": [1, 0, 0, 0, 0, 0, 0, 0, 0, 0, 0, 0, 0, 0, 0, 0, 0, 0, 0, 0, 0, 0, 0, 0, 0, 0, 0, 0, 0, 0, 0, 0, 0, 0, 0, 0, 0, 0, 0, 0, 0, 0, 0, 0, 0, 0, 0, 0, 0, 0, 0, 0, 0, 0, 0, 0, 0, 0, 0, 0, 0, 0, 0, 0, 0, 0, 0, 0, 0, 0, 0, 0, 0, 0, 0, 0, 0, 0, 0, 0, 0, 0, 0, 0, 0, 0, 1, 0, 1, 1, 1, 1, 0, 1, 0, 0, 0, 2, 0, 1], "binedges": [0.00654, 0.00672459, 0.00690918, 0.00709377, 0.007278359999999999, 0.0074629499999999994, 0.0076475399999999995, 0.00783213, 0.00801672, 0.00820131, 0.0083859, 0.00857049, 0.00875508, 0.00893967, 0.009124259999999999, 0.00930885, 0.009493439999999999, 0.00967803, 0.009862619999999999, 0.010047209999999999, 0.0102318, 0.01041639, 0.01060098, 0.01078557, 0.01097016, 0.01115475, 0.01133934, 0.01152393, 0.01170852, 0.011893109999999998, 0.0120777, 0.012262289999999999, 0.01244688, 0.012631469999999999, 0.01281606, 0.013000649999999999, 0.01318524, 0.01336983, 0.01355442, 0.01373901, 0.0139236, 0.01410819, 0.01429278, 0.01447737, 0.014661959999999998, 0.01484655, 0.015031139999999998, 0.01521573, 0.015400319999999999, 0.01558491, 0.0157695, 0.01595409, 0.01613868, 0.01632327, 0.01650786, 0.01669245, 0.01687704, 0.017061629999999998, 0.01724622, 0.017430809999999998, 0.0176154, 0.017799989999999998, 0.01798458, 0.01816917, 0.01835376, 0.01853835, 0.01872294, 0.01890753, 0.01909212, 0.01927671, 0.0194613, 0.01964589, 0.01983048, 0.02001507, 0.020199659999999998, 0.02038425, 0.020568839999999998, 0.02075343, 0.020938019999999998, 0.02112261, 0.0213072, 0.02149179, 0.02167638, 0.02186097, 0.02204556, 0.02223015, 0.02241474, 0.02259933, 0.02278392, 0.02296851, 0.0231531, 0.02333769, 0.02352228, 0.02370687, 0.02389146, 0.02407605, 0.02426064, 0.02444523, 0.02462982, 0.02481441, 0.024999]}}, "Datapoints": 10, "RuleParameters": "min_threshold:70\nmax_threshold:200"}