{"RuleTriggered": 0, "Violations": 0, "Details": {"step_num": {"first": 1667006901987176, "last": 1667009373617544}, "job_start": 1667006809.501138, "job_end": 1667009399.501398}, "Datapoints": 86, "RuleParameters": "threshold:20"}