{"RuleTriggered": 0, "Violations": 0, "Details": {"ratio": {"cpu_functions": 100.0}, "phase": {"Step:ModeKeys.GLOBAL": 93.92702300098969, "others": 6.072976999010308}, "phase_time": {}, "general": {"DataLoaderIterInitialize": 0.008331035851358323, "Forward": 99.98326447311227, "DataLoaderIter": 0.008404491036378092}, "CPU": {"dropout": 2.8656735040279377, "matmul": 10.072923726434928, "mm": 30.067563260154145, "NativeLayerNormBackward": 5.96429925455004, "native_layer_norm_backward": 5.9627492513307425, "MmBackward": 21.297588606990967, "GeluBackward": 11.884779748775417, "gelu_backward": 11.884422647735814}, "CPU_total": {"dropout": 11170557, "matmul": 39264825, "mm": 117205058, "NativeLayerNormBackward": 23249175, "native_layer_norm_backward": 23243133, "MmBackward": 83019202, "GeluBackward": 46327542, "gelu_backward": 46326150}}, "Datapoints": 0, "RuleParameters": ""}